date,GME,SPY,AMC,BB
2020-10-01,,,,
2020-10-02,-0.03967118312593525,-0.009539941646787006,0.0,-0.03104459213640273
2020-10-05,0.007427057313471883,0.01757823040777252,-0.11858983109943397,0.013423007444649979
2020-10-06,-0.03550667995475718,-0.014318320566290283,-0.017094452469414746,0.011049878106334366
2020-10-07,0.024879546668239313,0.017256833424345912,-0.004938206288078408,0.00438596758616891
2020-10-08,0.36550339944316773,0.008823513764846459,0.02445109495186299,0.006543040294221657
2020-10-09,-0.1153766860623253,0.008890707877801617,-0.021978943575752932,0.027868923773292444
2020-10-12,-0.018472419554970587,0.015959329589580903,0.007380088598125922,0.004219411510258739
2020-10-13,0.006756775931982309,-0.00654733717876478,-0.1419701994669677,0.07890843544495843
2020-10-14,0.030669613423163364,-0.006303196287138385,-0.17893748902614637,-0.011741806919611106
2020-10-15,0.12131420316937658,-0.001236660002771787,-0.0627383809647796,0.01562530335027708
2020-10-16,-0.038324476226669166,-0.0006044578808884695,0.08940660261110382,-0.03550665505559542
2020-10-19,0.04409233103225375,-0.015320305192537355,0.15226926737982208,0.041303813336354925
2020-10-20,-0.003601025974701848,0.0039978916239461065,-0.13595569168525062,-0.021422461631036626
2020-10-21,0.017167855447717376,-0.0018947161307475869,-0.02955878989624569,0.003929274458886224
2020-10-22,0.05585729410400456,0.00547019107943497,0.03922073760646858,0.005865160460065498
2020-10-23,0.006018082559492735,0.003389597144279459,-0.0492710477717733,-0.0019512647911746782
2020-10-26,-0.10907110923539282,-0.01865305690013442,-0.07696106682432502,-0.048009173383611034
2020-10-27,-0.058164843207243265,-0.003453234421791379,0.014440670482044187,-0.006166558030059634
2020-10-28,-0.07102126250021623,-0.0347767070868977,-0.06669134621022386,-0.059465442817226453
2020-10-29,-0.007643362519010477,0.010112265330844751,-0.03509130415159361,0.00871464350168944
2020-10-30,-0.11363557325371806,-0.010479517739242765,-0.06559729659721651,-0.026375235192214887
2020-11-02,0.026391704187042335,0.011146061774223599,-0.09319379306191855,-0.0022296000938832375
2020-11-03,0.07350976025544105,0.01750168044413011,0.08468307092791336,0.04153603733347061
2020-11-04,-0.05873572897019134,0.022103421462990425,-0.01290337201994182,0.0021389852319342773
2020-11-05,0.04830992748326024,0.019314984593109298,0.06291382440362765,0.037740392134728365
2020-11-06,0.03518165127944148,-0.0002286496729413277,0.012121329705376058,-0.006192013515868337
2020-11-09,-0.03169429268104933,0.01248737722051442,0.41479232654049325,0.020492501366212806
2020-11-10,-0.03453192925564403,-0.0014674406837303807,-0.07145902769159997,0.01809097666929239
2020-11-11,0.05690809790523799,0.0074010894104831375,-0.11458301382844079,0.03330377829879529
2020-11-12,-0.05420906502051169,-0.009748231056755118,-0.06262341180156973,-0.03929784430761096
2020-11-13,-0.010840204046526929,0.013749232348575082,0.01015241012737558,0.023763566448353337
2020-11-16,0.09109025456999723,0.012405468321144052,0.046060759954245314,0.015534277859257572
2020-11-17,-0.03630624972240587,-0.005392809068206402,-0.04269946354173265,0.019084530456126167
2020-11-18,-0.00517246154160787,-0.012107988846038545,0.08980387365719604,0.027960832727257787
2020-11-19,0.07410800159174903,0.0042016144109348254,-0.021706243734059293,-0.01481507139420387
2020-11-20,0.019865571781836226,-0.006871484043841311,0.04893944099852067,0.07197351445211475
2020-11-23,0.08949972449008249,0.005976692414045638,0.12866880325231855,-0.01751364918812901
2020-11-24,-0.01668515637579979,0.01598501354619707,0.18406983237873314,0.007042276122147243
2020-11-25,0.07603942646884813,-0.0015426372383666612,-0.019846245729924473,0.03617966422116536
2020-11-27,0.08633317622034323,0.0027810804602175373,-0.008948639559953467,0.03980629172591332
2020-11-30,0.029413857701085115,-0.004437130651171444,-0.041290251070181284,-0.04659748298121838
2020-12-01,-0.04698016460250921,0.010878001481946342,-0.028505510865360604,0.1760555347112059
2020-12-02,0.048187193000836244,0.002101686946401382,0.040147085674047435,0.0623038577341595
2020-12-03,-0.028136355965477942,-0.0002728769345565206,-0.1740227926575108,0.0013414125397319663
2020-12-04,0.0472528102167483,0.008580758697831155,-0.03361663325370338,0.1328609752401487
2020-12-07,-0.03308567868211043,-0.002057184135176336,0.014144507996731188,-0.032203194222763784
2020-12-08,0.0354498000755876,0.002922280771212442,0.1115212981248421,0.03220319422276373
2020-12-09,-0.21520587777810418,-0.009009395939484584,-0.03061465618081611,-0.024956735206606854
2020-12-10,0.03312038098798776,-0.0003271916832516153,0.05787786341606536,0.007194211465887276
2020-12-11,-0.05907656002677166,-0.0011735870800032165,-0.042453334097150304,-0.025409720552114774
2020-12-14,-0.04534008502863671,-0.004487114478990097,-0.2060707684266577,0.010969050070070508
2020-12-15,0.08510968127148101,0.013428984474843513,-0.10919926666859105,0.006042337436066342
2020-12-16,0.0,0.0015683047068861128,-0.028370737911183375,-0.007255221638197869
2020-12-17,0.06836689082898492,0.005576230973746667,0.024868094021878964,0.0024242990980936773
2020-12-18,0.05254000074998846,-0.00400085630942772,-0.017699577099400975,-0.17268298310971647
2020-12-21,-0.006418531789051054,-0.003581994986809083,-0.04380265112628338,0.02276063046071148
2020-12-22,0.22558740974502187,-0.0016865412165653875,-0.03415890507198947,0.011188917097747863
2020-12-23,0.05547265911766988,0.0008979470197407411,-0.011650587590253173,-0.014005817625694294
2020-12-24,-0.020629419367709834,0.0038828820949164526,-0.019724505050942708,-0.004240318665330372
2020-12-28,0.04084185346702226,0.0085540181001733,-0.04898941835934673,-0.02582637482116328
2020-12-29,-0.07980455976969167,-0.0019095715278795425,-0.04274154907426125,-0.016117584472276895
2020-12-30,-0.006211144904750753,0.0014259602647007689,-0.05844356155137255,-0.014881212740924783
2020-12-31,-0.02204814100640959,0.005067741420960236,-0.018692114685078528,-0.006015049907060273
2021-01-04,-0.0881701337699931,-0.01370745550394315,-0.05328138362205289,-0.007570087716443341
2021-01-05,0.006932485090750144,0.00686393806531599,-0.015037934875430016,0.028466350364428423
2021-01-06,0.05542978986777424,0.0059606437705866915,0.015037934875430061,-0.008902127438146466
2021-01-07,-0.015368067691660416,0.01474817101597885,0.01970505210073924,0.05084608673158658
2021-01-08,-0.02180681238273596,0.005681521315733366,0.04296601805775501,0.06842613922232794
2021-01-11,0.11972825295542582,-0.006763715332699856,0.027651549156198378,0.011834477682177559
2021-01-12,0.0005013902615282695,0.00021130893379557922,0.04009444054381129,-0.0026178000096001106
2021-01-13,0.4535786991870393,0.0026891355929606715,-0.04922695910430706,-0.025217003759252895
2021-01-14,0.23981903447185263,-0.003508152276239102,0.0,0.20250181704958237
2021-01-15,-0.1170942187559727,-0.007319171314202372,0.06654339302965175,0.07708305298555682
2021-01-19,0.10321739120958194,0.007821164451032621,0.2725466935971941,0.22720036739116137
2021-01-20,-0.006116269827894932,0.01374379005113114,-0.029852949927815276,0.03500751864596614
2021-01-21,0.09526370061879834,0.0009114530201757547,0.0033612964125127928,0.0046802284193995245
2021-01-22,0.4126436185945502,-0.003545734429674202,0.16369271909012234,0.08856655485305573
2021-01-25,0.166533298188528,0.003936041912942734,0.23052371934524027,0.25012667941808103
2021-01-26,0.65600266536059,-0.0015622304416601062,0.11526599662246781,0.04818249235745651
2021-01-27,0.8537163690454002,-0.02474397179204364,1.3893140217572988,0.2826482936795534
2021-01-28,-0.5849992633020238,0.008563496057790079,-0.8354751912729113,-0.5384275519115486
2021-01-29,0.5180309759608377,-0.020222787187534345,0.42950749032970964,-0.03826548498547377
2021-02-01,-0.3677247801253174,0.016508569562093258,0.0030120044404630462,0.036899398415665675
2021-02-02,-0.916290731874155,0.01404100570697518,-0.5310795196955251,-0.2363887693727352
2021-02-03,0.026425567198612724,0.000785963057834604,0.13720112651669497,0.03822119630635695
2021-02-04,-0.546553583626917,0.011301715725408569,-0.23520027998327775,0.012422488601871201
2021-02-05,0.17560121360357403,0.0039279732182556735,-0.03736064380123615,0.08515780513656357
2021-02-08,-0.060938305283434094,0.007196102286990588,-0.10000645914006326,0.03927890561261692
2021-02-09,-0.17614067042229237,-0.0006660279409646052,-0.11657016688587551,-0.024274815880467385
2021-02-10,0.01753565514681486,-0.000435755418974458,0.05310982531394833,-0.024878773931652453
2021-02-11,-0.0019550795976089478,0.001613694389472557,-0.03330722521703659,-0.050088742906070176
2021-02-12,0.025122153097808488,0.004927811048749994,-0.0035713778717481595,0.04549803715226361
2021-02-16,-0.056731984975062884,-0.000866559888726029,0.010676230694760739,-0.0657662623262721
2021-02-17,-0.07483846810395155,0.00022952556663727942,-0.01785761740000646,-0.07568424543080807
2021-02-18,-0.12135383910429662,-0.004265204876152733,-0.0072333322864225535,-0.03414528717839925
2021-02-19,-0.0024605936534568885,-0.0017673418236246509,0.0339015793685839,-0.0036630043997715905
2021-02-22,0.12511966187904028,-0.007721417694465657,0.1389988748066561,-0.020389892131315025
2021-02-23,-0.022645768561646795,0.0012136023724077002,0.1617552792124776,-0.02656709263901477
2021-02-24,0.7126357866605528,0.010959169555004464,0.16595459611609584,0.08476527634850063
2021-02-25,0.17023636129568961,-0.024391097880452624,-0.09212493742227101,-0.06760562659703986
2021-02-26,-0.06644725748602932,-0.005165927543118584,-0.034359245522869446,-0.05139276573532752
2021-03-01,0.16839902715047234,0.02395115546928029,0.13633649584535407,0.08210713237524363
2021-03-02,-0.01861065704830851,-0.007834013822254512,-0.027610808813320856,-0.03830452869544381
2021-03-03,0.049523239894449594,-0.013334101517191905,-0.03998247999448352,-0.03390158925890651
2021-03-04,0.0637178463953111,-0.01245202645350991,-0.06624938310501763,-0.03101794133350978
2021-03-05,0.039917915207640264,0.01822957388702993,0.002487525467346406,-0.04044100524899357
2021-03-08,0.3450642730612754,-0.004991402729752172,0.14326647782023635,0.03125256368768811
2021-03-09,0.23855120857203468,0.014176672518398098,0.1224366879127693,0.06933467514892402
2021-03-10,0.07074645435568658,0.006205298117280582,-0.06390380197948017,-0.010582076321347477
2021-03-11,-0.019048194970694474,0.010088193028970249,0.042728834529380935,0.034223839804839895
2021-03-12,0.017159620282826284,0.0013456259158714343,0.08213565356703621,0.1020841761305058
2021-03-15,-0.18357754647566926,0.005946082333004143,0.22957441184491587,-0.014449896244533965
2021-03-16,-0.05590866003907613,-0.001262180405973698,-0.07542374178390777,-0.019015288912844295
2021-03-17,0.007847302848728518,0.0034040060378023942,0.040637714182002786,0.012142416382340095
2021-03-18,-0.03917304048227906,-0.014656472623359982,0.031933002091832904,-0.07516955499245566
2021-03-19,-0.0073628296992218,-0.0018521341195457534,-0.005012519915735403,0.017503862838616414
2021-03-22,-0.02928570135188194,0.007953444426915696,-0.10911647334523233,-0.02216155082233442
2021-03-23,-0.06774865968532577,-0.007902307354570894,-0.1584299319306536,-0.06161721159643568
2021-03-24,-0.41231107705277953,-0.005096262645808797,-0.16705410418234068,-0.049883092406138634
2021-03-25,0.4232550987320968,0.005609759264184289,0.19298151070024322,0.03083493932397329
2021-03-26,-0.015079106827120305,0.015986496422051286,-0.06612417642901705,-0.025629285649038977
2021-03-29,0.0016561033276205144,-0.0005051025058326528,0.010684885198855269,-0.04567977437088218
2021-03-30,0.07007338631376198,-0.0026565629137475684,0.0,0.01510280525484022
2021-03-31,-0.024150227619788807,0.004045229332908462,-0.013618902479749256,-0.10250946036286067
