Date,Adj Close,Close,High,Low,Open,Volume
2020-10-01,46.5,46.5,48.0,46.29999923706055,47.79999923706055,322380
2020-10-02,46.5,46.5,46.599998474121094,44.20000076293945,44.79999923706055,357600
2020-10-05,41.29999923706055,41.29999923706055,43.599998474121094,40.5,43.0,946880
2020-10-06,40.599998474121094,40.599998474121094,42.70000076293945,40.5,42.599998474121094,840420
2020-10-07,40.400001525878906,40.400001525878906,41.099998474121094,39.400001525878906,40.79999923706055,691770
2020-10-08,41.400001525878906,41.400001525878906,41.79999923706055,40.20000076293945,41.29999923706055,786850
2020-10-09,40.5,40.5,41.79999923706055,40.400001525878906,41.70000076293945,502140
2020-10-12,40.79999923706055,40.79999923706055,40.900001525878906,40.0,40.29999923706055,324570
2020-10-13,35.400001525878906,35.400001525878906,39.099998474121094,35.20000076293945,39.0,1016470
2020-10-14,29.600000381469727,29.600000381469727,32.0,26.600000381469727,30.899999618530273,3170940
2020-10-15,27.799999237060547,27.799999237060547,29.600000381469727,27.600000381469727,28.399999618530273,980860
2020-10-16,30.399999618530273,30.399999618530273,32.900001525878906,28.0,28.700000762939453,1856580
2020-10-19,35.400001525878906,35.400001525878906,38.79999923706055,32.29999923706055,33.099998474121094,4038510
2020-10-20,30.899999618530273,30.899999618530273,33.099998474121094,30.5,33.0,1597880
2020-10-21,30.0,30.0,31.299999237060547,29.799999237060547,31.0,727730
2020-10-22,31.200000762939453,31.200000762939453,31.5,28.399999618530273,29.600000381469727,1233960
2020-10-23,29.700000762939453,29.700000762939453,31.5,29.5,31.299999237060547,663500
2020-10-26,27.5,27.5,29.299999237060547,26.799999237060547,29.200000762939453,1045880
2020-10-27,27.899999618530273,27.899999618530273,29.0,26.100000381469727,28.799999237060547,1125130
2020-10-28,26.100000381469727,26.100000381469727,27.399999618530273,25.799999237060547,26.899999618530273,814110
2020-10-29,25.200000762939453,25.200000762939453,26.799999237060547,24.799999237060547,26.5,901930
2020-10-30,23.600000381469727,23.600000381469727,24.899999618530273,22.799999237060547,24.799999237060547,1096880
2020-11-02,21.5,21.5,23.200000762939453,21.100000381469727,23.0,1118010
2020-11-03,23.399999618530273,23.399999618530273,25.899999618530273,23.0,23.399999618530273,1544190
2020-11-04,23.100000381469727,23.100000381469727,24.299999237060547,22.399999618530273,24.0,760910
2020-11-05,24.600000381469727,24.600000381469727,25.700000762939453,22.700000762939453,23.5,805620
2020-11-06,24.899999618530273,24.899999618530273,26.200000762939453,23.299999237060547,24.299999237060547,904950
2020-11-09,37.70000076293945,37.70000076293945,43.900001525878906,32.29999923706055,42.70000076293945,13251100
2020-11-10,35.099998474121094,35.099998474121094,40.29999923706055,33.400001525878906,39.900001525878906,4212930
2020-11-11,31.299999237060547,31.299999237060547,32.400001525878906,30.0,32.29999923706055,2406610
2020-11-12,29.399999618530273,29.399999618530273,30.700000762939453,29.200000762939453,30.700000762939453,1472900
2020-11-13,29.700000762939453,29.700000762939453,29.899999618530273,27.799999237060547,29.799999237060547,2199540
2020-11-16,31.100000381469727,31.100000381469727,33.900001525878906,30.5,33.900001525878906,4760430
2020-11-17,29.799999237060547,29.799999237060547,30.399999618530273,29.0,30.100000381469727,2248300
2020-11-18,32.599998474121094,32.599998474121094,33.70000076293945,30.100000381469727,30.799999237060547,3171730
2020-11-19,31.899999618530273,31.899999618530273,33.79999923706055,31.5,31.600000381469727,1398640
2020-11-20,33.5,33.5,33.70000076293945,32.099998474121094,32.5,1708880
2020-11-23,38.099998474121094,38.099998474121094,38.5,34.099998474121094,35.099998474121094,3151460
2020-11-24,45.79999923706055,45.79999923706055,50.0,41.5,41.599998474121094,6288460
2020-11-25,44.900001525878906,44.900001525878906,48.5,42.0,45.70000076293945,2264730
2020-11-27,44.5,44.5,46.20000076293945,43.599998474121094,45.400001525878906,1009740
2020-11-30,42.70000076293945,42.70000076293945,44.5,39.900001525878906,44.099998474121094,1655500
2020-12-01,41.5,41.5,44.29999923706055,40.900001525878906,44.29999923706055,1213010
2020-12-02,43.20000076293945,43.20000076293945,43.400001525878906,39.5,40.79999923706055,1184760
2020-12-03,36.29999923706055,36.29999923706055,42.20000076293945,35.0,40.099998474121094,6608090
2020-12-04,35.099998474121094,35.099998474121094,37.599998474121094,33.0,37.5,3315730
2020-12-07,35.599998474121094,35.599998474121094,37.400001525878906,33.29999923706055,34.5,2050390
2020-12-08,39.79999923706055,39.79999923706055,40.20000076293945,36.099998474121094,36.099998474121094,2953060
2020-12-09,38.599998474121094,38.599998474121094,43.29999923706055,37.5,42.20000076293945,2099120
2020-12-10,40.900001525878906,40.900001525878906,41.0,37.70000076293945,37.900001525878906,1987280
2020-12-11,39.20000076293945,39.20000076293945,42.5,38.70000076293945,40.400001525878906,2231040
2020-12-14,31.899999618530273,31.899999618530273,40.099998474121094,30.0,40.099998474121094,6715900
2020-12-15,28.600000381469727,28.600000381469727,32.400001525878906,27.600000381469727,32.400001525878906,5443210
2020-12-16,27.799999237060547,27.799999237060547,28.899999618530273,27.200000762939453,28.700000762939453,2542320
2020-12-17,28.5,28.5,29.5,27.399999618530273,28.0,2379930
2020-12-18,28.0,28.0,28.5,27.600000381469727,28.5,2194170
2020-12-21,26.799999237060547,26.799999237060547,27.399999618530273,25.799999237060547,26.100000381469727,2269980
2020-12-22,25.899999618530273,25.899999618530273,27.5,25.200000762939453,27.299999237060547,2163840
2020-12-23,25.600000381469727,25.600000381469727,26.5,25.399999618530273,25.799999237060547,1572480
2020-12-24,25.100000381469727,25.100000381469727,26.0,24.799999237060547,25.899999618530273,1109420
2020-12-28,23.899999618530273,23.899999618530273,26.299999237060547,23.600000381469727,26.299999237060547,2394270
2020-12-29,22.899999618530273,22.899999618530273,24.600000381469727,22.799999237060547,24.399999618530273,2108610
2020-12-30,21.600000381469727,21.600000381469727,23.0,21.299999237060547,23.0,4027840
2020-12-31,21.200000762939453,21.200000762939453,22.200000762939453,20.799999237060547,21.700000762939453,2823430
2021-01-04,20.100000381469727,20.100000381469727,22.0,20.0,22.0,2987380
2021-01-05,19.799999237060547,19.799999237060547,20.299999237060547,19.100000381469727,19.899999618530273,2814830
2021-01-06,20.100000381469727,20.100000381469727,22.299999237060547,19.700000762939453,20.299999237060547,6736330
2021-01-07,20.5,20.5,21.100000381469727,20.200000762939453,20.799999237060547,2615050
2021-01-08,21.399999618530273,21.399999618530273,22.100000381469727,20.700000762939453,20.899999618530273,3955330
2021-01-11,22.0,22.0,22.700000762939453,21.5,21.600000381469727,4169580
2021-01-12,22.899999618530273,22.899999618530273,23.899999618530273,22.399999618530273,22.399999618530273,4154920
2021-01-13,21.799999237060547,21.799999237060547,23.799999237060547,21.299999237060547,23.299999237060547,4584770
2021-01-14,21.799999237060547,21.799999237060547,23.200000762939453,21.299999237060547,22.200000762939453,4963880
2021-01-15,23.299999237060547,23.299999237060547,25.5,21.799999237060547,22.0,16235640
2021-01-19,30.600000381469727,30.600000381469727,32.0,25.700000762939453,28.0,25627600
2021-01-20,29.700000762939453,29.700000762939453,33.400001525878906,27.5,32.900001525878906,18186220
2021-01-21,29.799999237060547,29.799999237060547,30.600000381469727,28.5,30.0,6482380
2021-01-22,35.099998474121094,35.099998474121094,37.400001525878906,28.100000381469727,29.100000381469727,26827340
2021-01-25,44.20000076293945,44.20000076293945,48.79999923706055,38.5,47.099998474121094,44323810
2021-01-26,49.599998474121094,49.599998474121094,51.900001525878906,43.70000076293945,50.900001525878906,45685020
2021-01-27,199.0,199.0,203.60000610351562,110.0999984741211,203.39999389648438,122234250
2021-01-28,86.30000305175781,86.30000305175781,165.0,65.0999984741211,119.80000305175781,59122390
2021-01-29,132.60000610351562,132.60000610351562,160.0,116.0,143.10000610351562,60219330
2021-02-01,133.0,133.0,172.5,129.10000610351562,170.0,43460800
2021-02-02,78.19999694824219,78.19999694824219,101.0,60.0,94.80000305175781,46277590
2021-02-03,89.69999694824219,89.69999694824219,97.69999694824219,78.9000015258789,88.5,22140510
2021-02-04,70.9000015258789,70.9000015258789,87.4000015258789,70.0,87.0,16298580
2021-02-05,68.30000305175781,68.30000305175781,82.69999694824219,65.19999694824219,71.69999694824219,19709760
2021-02-08,61.79999923706055,61.79999923706055,68.9000015258789,57.5,68.80000305175781,12817150
2021-02-09,55.0,55.0,58.099998474121094,52.599998474121094,58.099998474121094,10258810
2021-02-10,58.0,58.0,65.9000015258789,54.5,57.099998474121094,15281080
2021-02-11,56.099998474121094,56.099998474121094,58.5,54.70000076293945,56.20000076293945,5592040
2021-02-12,55.900001525878906,55.900001525878906,59.70000076293945,55.20000076293945,57.20000076293945,4677300
2021-02-16,56.5,56.5,60.5,54.900001525878906,60.29999923706055,6116570
2021-02-17,55.5,55.5,56.20000076293945,53.20000076293945,55.79999923706055,3884900
2021-02-18,55.099998474121094,55.099998474121094,62.5,54.599998474121094,58.400001525878906,13054080
2021-02-19,57.0,57.0,57.70000076293945,55.099998474121094,55.400001525878906,4024910
2021-02-22,65.5,65.5,66.80000305175781,57.5,59.29999923706055,17340900
2021-02-23,77.0,77.0,78.5999984741211,60.099998474121094,69.69999694824219,26487640
2021-02-24,90.9000015258789,90.9000015258789,98.30000305175781,69.9000015258789,72.30000305175781,37688180
2021-02-25,82.9000015258789,82.9000015258789,110.0,78.5,108.9000015258789,44571740
2021-02-26,80.0999984741211,80.0999984741211,90.0999984741211,76.30000305175781,81.9000015258789,13702800
2021-03-01,91.80000305175781,91.80000305175781,94.5,84.19999694824219,88.5999984741211,14358650
2021-03-02,89.30000305175781,89.30000305175781,94.0,85.0999984741211,91.4000015258789,7813540
2021-03-03,85.80000305175781,85.80000305175781,91.4000015258789,85.0,89.5,5565190
2021-03-04,80.30000305175781,80.30000305175781,85.9000015258789,75.0,82.5,7782260
2021-03-05,80.5,80.5,82.69999694824219,76.30000305175781,80.80000305175781,5973410
2021-03-08,92.9000015258789,92.9000015258789,94.80000305175781,83.0999984741211,85.30000305175781,11434380
2021-03-09,105.0,105.0,107.69999694824219,92.19999694824219,93.80000305175781,15041560
2021-03-10,98.5,98.5,124.69999694824219,95.0999984741211,110.19999694824219,26191860
2021-03-11,102.80000305175781,102.80000305175781,108.69999694824219,99.0,106.5,8393360
2021-03-12,111.5999984741211,111.5999984741211,114.0,99.4000015258789,101.5999984741211,11114670
2021-03-15,140.39999389648438,140.39999389648438,144.89999389648438,118.5,121.80000305175781,27771330
2021-03-16,130.1999969482422,130.1999969482422,136.1999969482422,123.4000015258789,136.1999969482422,12596760
2021-03-17,135.60000610351562,135.60000610351562,136.60000610351562,130.0,132.39999389648438,7805360
2021-03-18,140.0,140.0,145.39999389648438,135.6999969482422,143.39999389648438,12141800
2021-03-19,139.3000030517578,139.3000030517578,141.8000030517578,132.8000030517578,141.39999389648438,15320600
2021-03-22,124.9000015258789,124.9000015258789,131.89999389648438,117.5999984741211,131.5,8876010
2021-03-23,106.5999984741211,106.5999984741211,119.30000305175781,103.69999694824219,114.5999984741211,8792320
2021-03-24,90.19999694824219,90.19999694824219,112.0999984741211,89.30000305175781,108.19999694824219,8185070
2021-03-25,109.4000015258789,109.4000015258789,113.19999694824219,89.5,89.5999984741211,13119280
2021-03-26,102.4000015258789,102.4000015258789,115.30000305175781,100.0999984741211,112.69999694824219,8463310
2021-03-29,103.5,103.5,107.5999984741211,100.9000015258789,103.19999694824219,3733070
2021-03-30,103.5,103.5,105.19999694824219,97.5999984741211,103.0999984741211,3902050
2021-03-31,102.0999984741211,102.0999984741211,104.69999694824219,100.5,104.0,2983230
